date,industry,trips_per_day,farebox_per_day,unique_drivers,unique_vehicles,vehicles_per_day,avg_days_vehicles_on_road,avg_hours_per_day_per_vehicle,avg_days_drivers_on_road,avg_hours_per_day_per_driver,avg_minutes_per_trip,percent_of_trips_paid_with_credit_card,trips_per_day_shared
2024-08-01,FHV - High Volume,617043,,81306,80570,55030,21.2,6.3,21.3,6.3,19.0,,10185.0
2024-08-01,Green Taxi,1654,38632,728,694,394,17.6,3.5,17.0,3.4,14.9,0.72,
2024-08-01,Yellow Taxi,94732,2360656,12276,9125,7822,26.6,7.6,22.6,6.6,16.2,0.81,
2024-07-01,FHV - High Volume,618802,,82125,81319,56458,21.5,6.2,21.6,6.1,19.0,,9126.0
2024-07-01,Green Taxi,1658,36958,747,712,394,17.2,3.5,16.6,3.4,14.6,0.72,
2024-07-01,Yellow Taxi,97929,2423487,12353,9144,7779,26.4,7.7,22.4,6.7,16.1,0.82,
2024-06-01,FHV - High Volume,670772,,83794,82824,58798,21.3,6.5,21.4,6.4,20.0,,9431.0
2024-06-01,Green Taxi,1805,40375,750,713,399,16.8,3.6,16.2,3.6,15.0,0.72,
2024-06-01,Yellow Taxi,116772,2877406,12538,9146,7945,26.1,8.4,21.9,7.2,16.6,0.84,
2024-05-01,FHV - High Volume,667886,,84900,83944,60900,22.5,6.5,22.6,6.4,21.0,,9160.0
2024-05-01,Green Taxi,1946,42958,752,719,424,18.3,3.7,17.7,3.6,15.3,0.72,
2024-05-01,Yellow Taxi,118819,2971875,12487,9121,8052,27.4,8.4,23.2,7.3,17.0,0.83,
2024-04-01,FHV - High Volume,657765,,84517,83683,59194,21.2,6.4,21.4,6.3,19.0,,9034.0
2024-04-01,Green Taxi,1879,39453,734,713,405,17.1,3.6,16.8,3.6,14.3,0.72,
2024-04-01,Yellow Taxi,115813,2803037,12242,9050,7823,25.9,8.3,22.0,7.2,16.0,0.84,
2024-03-01,FHV - High Volume,686479,,84901,83966,60502,22.3,6.5,22.5,6.4,19.0,,9337.0
2024-03-01,Green Taxi,1853,38304,786,750,418,17.3,3.5,16.7,3.5,14.2,0.7,
2024-03-01,Yellow Taxi,114353,2731140,12020,8920,7698,26.8,8.4,22.9,7.2,15.6,0.84,
2024-02-01,FHV - High Volume,667560,,84133,83713,59104,20.5,6.5,20.7,6.4,19.0,,8667.0
2024-02-01,Green Taxi,1847,37789,800,769,419,15.8,3.5,15.4,3.5,14.0,0.71,
2024-02-01,Yellow Taxi,102708,2389780,11739,8805,7449,24.5,8.1,21.1,7.0,14.9,0.83,
2024-01-01,FHV - High Volume,634329,,84472,83785,57144,21.1,6.4,21.4,6.3,18.0,,7341.0
2024-01-01,Green Taxi,1824,37028,829,797,424,16.5,3.5,16.1,3.4,13.9,0.7,
2024-01-01,Yellow Taxi,94742,2219025,11838,8795,7222,25.5,7.7,21.7,6.7,14.6,0.82,
2023-12-01,FHV - High Volume,661815,,84911,82379,58687,22.1,6.5,21.9,6.4,20.0,,6264.0
2023-12-01,Green Taxi,2071,45896,860,825,469,17.6,3.5,17.2,3.5,15.8,0.69,
2023-12-01,Yellow Taxi,108202,2710488,12340,8841,7551,26.5,8.2,22.2,7.0,17.0,0.81,
2023-11-01,FHV - High Volume,642308,,84091,80871,58734,21.8,6.4,21.5,6.3,20.0,,6538.0
2023-11-01,Green Taxi,2133,46814,876,837,486,17.4,3.5,16.9,3.5,15.7,0.7,
2023-11-01,Yellow Taxi,110643,2777387,12257,8751,7622,26.1,8.4,22.0,7.1,17.0,0.82,
2023-10-01,FHV - High Volume,651179,,83792,80346,58055,22.4,6.5,22.0,6.4,20.0,,6343.0
2023-10-01,Green Taxi,2135,48179,900,861,491,17.7,3.5,17.2,3.4,16.0,0.69,
2023-10-01,Yellow Taxi,112959,2889001,12232,8662,7548,27.0,8.5,22.6,7.2,17.2,0.82,
2023-09-01,FHV - High Volume,661698,,82812,79448,56923,21.5,6.6,21.1,6.5,21.0,,5991.0
2023-09-01,Green Taxi,2181,52570,899,855,485,17.0,3.6,16.3,3.5,16.4,0.7,
2023-09-01,Yellow Taxi,94351,2473575,11818,8495,6689,23.6,8.0,19.7,6.9,17.8,0.81,
2023-08-01,FHV - High Volume,591032,,80823,77520,54179,21.7,6.4,21.3,6.2,19.0,,4485.0
2023-08-01,Green Taxi,1957,44903,886,853,471,17.1,3.4,16.7,3.4,15.2,0.68,
2023-08-01,Yellow Taxi,90485,2282461,11442,8341,6933,25.8,7.8,21.7,6.7,15.9,0.79,
2023-07-01,FHV - High Volume,617161,,80592,77346,53969,21.6,6.4,21.2,6.3,19.0,,4795.0
2023-07-01,Green Taxi,1978,43964,882,850,464,16.9,3.4,16.5,3.4,14.9,0.67,
2023-07-01,Yellow Taxi,93315,2347673,11396,8306,6811,25.4,7.9,21.5,6.8,18.3,0.79,
2023-06-01,FHV - High Volume,645549,,81025,77565,55701,21.5,6.5,21.1,6.4,20.0,,4201.0
2023-06-01,Green Taxi,2184,48844,889,855,479,16.8,3.6,16.4,3.5,15.5,0.69,
2023-06-01,Yellow Taxi,109766,2802472,11736,8384,7171,25.7,8.4,21.5,7.2,16.6,0.81,
2023-05-01,FHV - High Volume,640244,,80394,77106,55261,22.2,6.5,21.8,6.4,20.0,,4318.0
2023-05-01,Green Taxi,2231,48349,922,879,475,16.8,3.7,16.3,3.6,15.3,0.68,
2023-05-01,Yellow Taxi,112843,2867319,11661,8317,7186,26.8,8.6,22.4,7.3,16.8,0.81,
2023-04-01,FHV - High Volume,638161,,79657,76511,54269,21.3,6.5,20.9,6.4,19.0,,3515.0
2023-04-01,Green Taxi,2179,45836,933,884,481,16.3,3.5,15.8,3.5,14.6,0.67,
2023-04-01,Yellow Taxi,109071,2704765,11236,8172,6916,25.4,8.4,21.5,7.3,15.9,0.8,
2023-03-01,FHV - High Volume,658499,,79004,75941,55118,22.5,6.6,22.1,6.4,19.0,,12983.0
2023-03-01,Green Taxi,2323,47270,942,884,498,17.5,3.6,16.8,3.5,14.5,0.66,
2023-03-01,Yellow Taxi,109230,2658778,11235,8119,6970,26.6,8.5,22.5,7.3,15.5,0.81,
2023-02-01,FHV - High Volume,641461,,77137,74404,53180,20.0,6.6,19.7,6.4,18.0,,10811.0
2023-02-01,Green Taxi,2313,46203,928,891,504,15.8,3.6,15.5,3.5,14.1,0.66,
2023-02-01,Yellow Taxi,103632,2440127,10762,7886,6679,23.7,8.4,20.2,7.2,14.7,0.81,
2023-01-01,FHV - High Volume,596095,,77641,74553,50996,21.2,6.4,20.7,6.3,18.0,,9998.0
2023-01-01,Green Taxi,2199,43733,960,911,488,16.6,3.5,16.1,3.5,13.8,0.65,
2023-01-01,Yellow Taxi,98569,2335375,10594,7737,6354,25.5,8.2,21.6,7.1,14.4,0.8,
2022-12-01,FHV - High Volume,634379,,78091,74877,52087,21.6,6.6,21.1,6.4,19.0,,10672.0
2022-12-01,Green Taxi,2336,45204,966,942,496,16.3,3.6,16.1,3.5,15.9,0.66,
2022-12-01,Yellow Taxi,109287,2358881,10751,7791,6529,26.0,8.7,22.0,7.5,16.9,0.78,
2022-11-01,FHV - High Volume,602819,,77228,74237,51703,20.9,6.5,20.5,6.3,19.0,,9397.0
2022-11-01,Green Taxi,2076,35983,958,910,458,15.1,3.5,14.5,3.4,16.2,0.69,
2022-11-01,Yellow Taxi,108146,2088889,10804,7685,6100,23.8,9.1,19.9,7.7,16.5,0.8,
2022-10-01,FHV - High Volume,622770,,76651,73747,51532,21.7,6.6,21.2,6.5,20.0,,3573.0
2022-10-01,Green Taxi,2236,39956,966,929,485,16.2,3.5,15.8,3.5,16.5,0.69,
2022-10-01,Yellow Taxi,118197,2301955,10737,7585,6442,26.3,9.2,21.9,7.8,16.7,0.79,
2022-09-01,FHV - High Volume,593114,,75194,72616,49980,20.6,6.6,20.3,6.5,20.0,,443.0
2022-09-01,Green Taxi,2300,43805,964,928,491,15.9,3.6,15.4,3.5,17.2,0.69,
2022-09-01,Yellow Taxi,105917,2109566,10249,7380,6005,24.4,8.9,20.4,7.6,17.2,0.79,
2022-08-01,FHV - High Volume,554361,,72640,70497,46996,20.7,6.5,20.4,6.4,19.0,,466.0
2022-08-01,Green Taxi,2126,38913,961,924,475,16.0,3.5,15.5,3.4,15.8,0.67,
2022-08-01,Yellow Taxi,101327,1918362,9678,7169,5823,25.2,8.8,21.6,7.6,15.4,0.77,
2022-07-01,FHV - High Volume,563353,,73321,71043,46799,20.4,6.5,20.1,6.4,19.0,,853.0
2022-07-01,Green Taxi,2070,37363,977,940,467,15.4,3.4,15.0,3.4,15.7,0.67,
2022-07-01,Yellow Taxi,102052,1921785,9843,7156,5702,24.7,8.9,20.8,7.7,15.1,0.77,
2022-06-01,FHV - High Volume,592656,,74020,71552,49341,20.7,6.6,20.3,6.5,20.0,,133.0
2022-06-01,Green Taxi,2456,44690,1040,1004,527,15.7,3.6,15.3,3.6,16.8,0.68,
2022-06-01,Yellow Taxi,118213,2295511,10101,7246,6136,25.4,9.4,21.5,8.0,16.3,0.79,
2022-05-01,FHV - High Volume,585714,,73287,71059,47877,20.9,6.6,20.6,6.5,20.0,,
2022-05-01,Green Taxi,2482,44927,1065,1027,531,16.1,3.6,15.6,3.5,16.7,0.68,
2022-05-01,Yellow Taxi,115896,2244884,9977,7150,5961,25.8,9.3,21.6,8.0,16.4,0.79,
2022-04-01,FHV - High Volume,591746,,72244,70281,48410,20.7,6.5,20.4,6.4,19.0,,
2022-04-01,Green Taxi,2537,43601,1057,1027,546,16.0,3.5,15.7,3.5,15.9,0.67,
2022-04-01,Yellow Taxi,119627,2219111,9560,7053,5975,25.4,9.4,21.9,8.0,15.4,0.79,
2022-03-01,FHV - High Volume,595270,,71667,69702,48364,21.5,6.7,21.2,6.6,18.0,,
2022-03-01,Green Taxi,2532,42458,1133,1104,553,15.5,3.5,15.4,3.4,15.4,0.66,
2022-03-01,Yellow Taxi,116628,2097319,9535,6984,5907,26.2,9.4,22.3,8.1,14.8,0.79,
2022-02-01,FHV - High Volume,572114,,68998,67536,46279,19.2,6.6,19.0,6.5,18.0,,
2022-02-01,Green Taxi,2478,40483,1121,1085,565,14.6,3.4,14.3,3.3,15.1,0.65,
2022-02-01,Yellow Taxi,106036,1805858,8989,6734,5591,23.2,9.1,20.1,7.9,14.0,0.8,
2022-01-01,FHV - High Volume,475854,,68531,66855,41326,19.2,6.3,18.9,6.2,17.0,,
2022-01-01,Green Taxi,2016,32513,1162,1136,523,14.3,3.1,14.2,3.0,14.3,0.64,
2022-01-01,Yellow Taxi,79212,1330576,8803,6653,4989,23.3,8.2,20.0,7.2,12.7,0.78,
2021-12-01,FHV - High Volume,517884,,70302,68257,44289,20.1,6.4,19.8,6.3,18.0,,
2021-12-01,Green Taxi,3223,70839,1299,1232,705,17.8,3.6,17.1,3.6,19.5,0.69,
2021-12-01,Yellow Taxi,103586,1903868,9552,6908,5657,25.4,9.0,21.5,7.7,15.2,0.76,
2021-11-01,FHV - High Volume,534718,,69410,67433,44979,20.0,6.5,19.7,6.4,19.0,,
2021-11-01,Green Taxi,3607,82075,1311,1269,741,17.5,3.9,17.2,3.8,20.6,0.72,
2021-11-01,Yellow Taxi,115660,2103000,9516,6810,5763,25.4,9.5,21.3,8.2,15.3,0.78,
2021-10-01,FHV - High Volume,533649,,68927,66935,44408,20.6,6.6,20.3,6.5,19.0,,277.0
2021-10-01,Green Taxi,3574,82092,1311,1251,736,18.3,3.9,17.6,3.8,21.0,0.73,
2021-10-01,Yellow Taxi,111643,1993304,9154,6600,5555,26.1,9.5,21.7,8.2,15.1,0.79,
2021-09-01,FHV - High Volume,496112,,65996,64572,40404,18.8,6.6,18.6,6.5,19.0,,834.0
2021-09-01,Green Taxi,3190,77260,1216,1173,640,16.4,4.0,15.9,3.9,21.5,0.73,
2021-09-01,Yellow Taxi,98723,1826376,8502,6218,5069,24.5,9.0,19.9,8.1,15.2,0.78,
2021-08-01,FHV - High Volume,467654,,59816,58754,35257,18.6,6.7,18.5,6.7,18.0,,723.0
2021-08-01,Green Taxi,2693,63669,944,926,509,17.1,4.1,16.9,4.1,20.0,0.75,
2021-08-01,Yellow Taxi,89924,1612966,7471,5888,4700,24.7,8.8,21.1,8.2,13.9,0.76,
2021-07-01,FHV - High Volume,484745,,59733,58607,36036,19.1,6.8,18.9,6.7,18.0,,635.0
2021-07-01,Green Taxi,2698,63047,983,950,508,16.6,4.1,16.2,4.1,20.1,0.74,
2021-07-01,Yellow Taxi,91012,1605064,7350,5782,4631,24.8,8.9,21.1,8.3,13.9,0.76,
2021-06-01,FHV - High Volume,498685,,58802,57863,36925,19.1,6.9,19.0,6.9,19.0,,124.0
2021-06-01,Green Taxi,2891,65832,1001,975,531,16.3,4.2,16.1,4.2,20.5,0.74,
2021-06-01,Yellow Taxi,94462,1623722,7089,5646,4577,24.3,9.1,20.9,8.5,14.1,0.77,
2021-05-01,FHV - High Volume,474809,,56874,56112,34404,19.0,6.9,18.9,6.9,18.0,,149.0
2021-05-01,Green Taxi,2843,65571,980,952,517,16.8,4.3,16.5,4.2,20.0,0.77,
2021-05-01,Yellow Taxi,80862,1355888,6587,5238,4113,24.3,8.8,20.6,8.2,13.4,0.77,
2021-04-01,FHV - High Volume,470377,,54487,53748,33360,18.6,7.0,18.5,6.9,17.0,,235.0
2021-04-01,Green Taxi,2897,67893,954,928,515,16.7,4.4,16.4,4.3,20.1,0.78,
2021-04-01,Yellow Taxi,71986,1182845,6102,4924,3889,23.7,8.6,20.2,8.1,13.0,0.77,
2021-03-01,FHV - High Volume,458946,,52123,51761,31639,18.9,7.1,19.0,7.0,17.0,,167.0
2021-03-01,Green Taxi,2703,62416,952,932,483,16.1,4.4,15.9,4.4,18.9,0.79,
2021-03-01,Yellow Taxi,61643,979152,5765,4719,3652,24.0,8.3,20.6,7.9,12.3,0.76,
2021-02-01,FHV - High Volume,414782,,47208,47272,28639,17.0,7.1,17.1,7.1,16.0,,48.0
2021-02-01,Green Taxi,2305,52276,904,881,446,14.2,4.1,13.9,4.1,18.8,0.79,
2021-02-01,Yellow Taxi,48499,755111,5276,4496,3182,19.8,7.9,17.6,7.6,12.4,0.76,
2021-01-01,FHV - High Volume,383951,,47623,47594,28584,18.6,6.9,18.7,6.8,15.0,,38.0
2021-01-01,Green Taxi,2467,56409,991,982,491,15.5,4.1,15.5,4.0,17.4,0.79,
2021-01-01,Yellow Taxi,44052,688808,5396,4625,3256,21.8,7.5,19.4,7.3,11.6,0.75,
2020-12-01,FHV - High Volume,375389,,51535,51548,32500,19.5,6.5,19.7,6.5,16.0,,32.0
2020-12-01,Green Taxi,2681,60329,1095,1087,560,16.0,3.9,16.0,3.9,18.1,0.76,
2020-12-01,Yellow Taxi,47143,744814,6092,5142,3757,22.7,7.4,19.8,7.1,12.4,0.74,
2020-11-01,FHV - High Volume,386560,,53018,52960,34090,19.3,6.4,19.5,6.4,16.0,,36.0
2020-11-01,Green Taxi,2953,66502,1137,1106,610,16.6,4.0,16.4,3.9,18.2,0.77,
2020-11-01,Yellow Taxi,50286,786221,6315,5209,3868,22.3,7.5,19.2,7.2,12.4,0.75,
2020-10-01,FHV - High Volume,427396,,52379,52290,33969,20.1,6.8,20.3,6.7,17.0,,47.0
2020-10-01,Green Taxi,3067,68558,1137,1117,605,16.8,4.1,16.7,4.1,18.4,0.76,
2020-10-01,Yellow Taxi,54218,880037,6144,5092,3728,22.7,8.0,19.7,7.6,12.6,0.75,
2020-09-01,FHV - High Volume,403096,,50594,50391,31535,18.8,6.8,18.9,6.8,17.0,,32.0
2020-09-01,Green Taxi,2932,66854,1123,1100,575,15.7,4.1,15.5,4.1,18.6,0.75,
2020-09-01,Yellow Taxi,44686,708390,5707,4914,3258,19.9,7.6,17.8,7.3,12.6,0.73,
2020-08-01,FHV - High Volume,357610,,48984,48680,28731,18.3,6.7,18.4,6.6,17.0,,10.0
2020-08-01,Green Taxi,2614,62689,1143,1128,545,15.0,4.0,15.0,3.9,18.7,0.73,
2020-08-01,Yellow Taxi,32492,548766,5373,4759,2790,18.2,6.9,16.7,6.6,12.6,0.7,
2020-07-01,FHV - High Volume,320999,,38310,38380,21221,17.1,7.2,17.3,7.2,16.0,,3.0
2020-07-01,Green Taxi,2330,54821,936,924,430,14.4,4.3,14.4,4.2,18.1,0.72,
2020-07-01,Yellow Taxi,25819,439016,3991,3806,1952,15.9,7.1,15.7,6.8,12.5,0.69,
2020-06-01,FHV - High Volume,251696,,29832,30131,17665,17.6,7.1,17.9,7.0,16.0,,
2020-06-01,Green Taxi,2103,46850,856,850,408,14.4,4.1,14.5,4.0,17.5,0.71,
2020-06-01,Yellow Taxi,18326,314473,2970,2966,1554,15.7,6.7,16.2,6.5,12.4,0.67,
2020-05-01,FHV - High Volume,196447,,27675,27881,16073,17.9,6.4,18.1,6.4,15.0,,
2020-05-01,Green Taxi,1850,38441,830,819,405,15.3,3.7,15.3,3.7,16.5,0.72,
2020-05-01,Yellow Taxi,11237,206544,2606,2613,1298,15.4,5.7,15.9,5.6,11.9,0.66,
2020-04-01,FHV - High Volume,143762,,22390,22527,11544,15.4,6.1,15.6,6.1,13.0,,
2020-04-01,Green Taxi,1187,22524,669,669,278,12.5,3.4,12.6,3.4,14.5,0.65,
2020-04-01,Yellow Taxi,7931,119152,2212,2196,983,13.4,5.3,13.8,5.1,9.9,0.63,
2020-03-01,FHV - High Volume,432027,,76604,75506,35735,14.7,6.1,14.6,6.0,16.0,,41051.0
2020-03-01,Green Taxi,7208,114041,2692,2560,1248,15.1,4.4,14.7,4.3,15.2,0.62,
2020-03-01,Yellow Taxi,97004,1620621,19065,11318,6162,16.9,8.8,13.2,6.7,13.0,0.74,
2020-02-01,FHV - High Volume,749129,,79282,78090,55139,20.5,6.6,20.5,6.5,17.0,,97117.0
2020-02-01,Green Taxi,13743,240816,2844,2675,2006,21.8,5.0,20.9,4.9,15.4,0.44,
2020-02-01,Yellow Taxi,217216,3556087,20123,11418,10349,26.3,10.8,20.9,7.7,13.5,0.74,
2020-01-01,FHV - High Volume,663524,,80726,79289,53607,21.0,6.2,20.9,6.1,17.0,,90559.0
2020-01-01,Green Taxi,13446,236992,2876,2703,1997,22.9,5.0,22.0,4.9,15.3,0.44,
2020-01-01,Yellow Taxi,206604,3403736,20131,11435,10080,27.3,10.5,21.7,7.5,13.1,0.73,
2019-12-01,FHV - High Volume,717517,,82528,80925,55797,21.4,6.5,21.3,6.4,18.0,,93421.0
2019-12-01,Green Taxi,11598,162078,2904,2731,1834,20.8,4.4,20.0,4.4,13.6,0.53,
2019-12-01,Yellow Taxi,220786,3806944,20829,11478,10260,27.7,10.7,21.7,7.5,15.0,0.71,
2019-11-01,FHV - High Volume,721170,,83017,81286,57241,21.1,6.5,21.0,6.4,19.0,,103379.0
2019-11-01,Green Taxi,12068,170328,2969,2781,1904,20.5,4.5,19.7,4.4,13.8,0.55,
2019-11-01,Yellow Taxi,227654,3872769,20934,11431,10441,27.4,11.0,21.7,7.6,14.8,0.73,
2019-10-01,FHV - High Volume,682635,,83865,82051,57764,21.8,6.4,21.7,6.3,19.0,,107676.0
2019-10-01,Green Taxi,12470,178014,3004,2818,1990,21.9,4.5,21.0,4.4,14.0,0.56,
2019-10-01,Yellow Taxi,231171,4006128,20880,11380,10476,28.5,11.2,22.5,7.7,15.1,0.73,
2019-09-01,FHV - High Volume,668520,,84306,82206,56795,20.7,6.4,20.5,6.2,19.0,,107780.0
2019-09-01,Green Taxi,12985,190621,3033,2856,2048,21.5,4.6,20.6,4.5,14.3,0.55,
2019-09-01,Yellow Taxi,217747,3814692,20369,11302,10066,26.7,10.9,21.0,7.7,16.0,0.72,
2019-08-01,FHV - High Volume,648961,,83709,82693,55289,20.8,6.3,20.8,6.2,18.0,,104983.0
2019-08-01,Green Taxi,12866,188318,3033,2841,2011,22.0,4.6,20.9,4.6,13.9,0.54,
2019-08-01,Yellow Taxi,194798,3385162,19583,11237,9741,26.9,10.4,21.4,7.5,14.3,0.7,
2019-07-01,FHV - High Volume,654230,,85896,84609,57048,21.0,6.2,20.9,6.1,18.0,,104074.0
2019-07-01,Green Taxi,13969,205934,3179,2985,2125,22.1,4.7,21.1,4.6,14.2,0.55,
2019-07-01,Yellow Taxi,202443,3501565,20206,11366,9894,27.0,10.5,21.4,7.5,14.5,0.7,
2019-06-01,FHV - High Volume,700036,,87131,85712,58847,20.7,6.3,20.6,5.8,19.0,,101645.0
2019-06-01,Green Taxi,15690,235578,3292,3080,2216,21.6,5.0,20.7,4.8,15.0,0.55,
2019-06-01,Yellow Taxi,231335,4042788,20728,11533,10274,26.7,11.0,21.3,7.7,15.1,0.72,
2019-05-01,FHV - High Volume,720263,,87719,86391,59902,21.6,6.2,21.5,6.2,19.0,,124106.0
2019-05-01,Green Taxi,16248,243583,3393,3170,2351,23.0,4.8,22.0,4.7,15.1,0.56,
2019-05-01,Yellow Taxi,244017,4214808,21042,11689,10494,27.8,11.2,22.3,7.7,14.9,0.72,
2019-04-01,FHV - High Volume,724388,,87779,86463,59121,20.6,6.3,20.5,6.2,19.0,,141734.0
2019-04-01,Green Taxi,17080,249506,3508,3249,2423,22.4,4.9,21.2,4.8,14.3,0.56,
2019-04-01,Yellow Taxi,247742,4215927,21595,11786,10674,27.2,11.3,21.4,7.8,14.3,0.72,
2019-03-01,FHV - High Volume,769729,,87695,86540,59893,21.6,6.4,21.5,6.4,19.0,,157704.0
2019-03-01,Green Taxi,19318,305302,3586,3296,2524,23.7,5.4,22.3,5.2,15.8,0.6,
2019-03-01,Yellow Taxi,252634,4289036,21956,11912,10814,28.1,11.4,22.3,7.9,14.1,0.73,
2019-02-01,FHV - High Volume,719853,,86296,85403,58980,19.5,6.3,19.4,6.2,18.0,,171912.0
2019-02-01,Green Taxi,20481,325509,3626,3385,2651,21.9,5.4,20.9,5.3,15.7,0.62,
2019-02-01,Yellow Taxi,250654,4105322,21733,11895,10770,25.4,11.3,20.1,7.8,13.6,0.74,
2019-01-01,FHV - High Volume,683692,,86715,84698,56530,20.7,6.2,20.5,6.1,18.0,,157678.0
2019-01-01,Green Taxi,20327,309210,3705,3442,2642,23.8,5.4,22.6,5.3,15.0,0.62,
2019-01-01,Yellow Taxi,247315,3413625,22085,11867,10582,27.6,11.1,21.5,7.7,12.8,0.72,
2018-12-01,FHV - High Volume,701180,,86788,85146,56844,20.7,6.3,20.6,6.2,20.0,,164666.0
2018-12-01,Green Taxi,22083,341294,3777,3468,2720,24.3,5.6,22.9,5.4,15.7,0.59,
2018-12-01,Yellow Taxi,263609,3852809,23042,11938,10803,28.1,11.5,21.7,7.7,14.7,0.68,
2018-11-01,FHV - High Volume,691379,,85496,83271,56908,20.5,6.3,20.3,6.2,20.0,,160672.0
2018-11-01,Green Taxi,21858,344302,3767,3490,2742,23.6,5.5,22.3,5.4,16.4,0.61,
2018-11-01,Yellow Taxi,271501,4035397,23459,11948,11040,27.7,11.8,21.4,7.8,15.2,0.7,
2018-10-01,FHV - High Volume,680433,,84660,82247,56538,21.3,6.3,21.0,6.2,21.0,,176348.0
2018-10-01,Green Taxi,22889,360292,3827,3523,2796,24.6,5.7,23.2,5.6,16.3,0.6,
2018-10-01,Yellow Taxi,284121,4267309,23600,12009,11151,28.8,12.0,22.2,7.9,15.2,0.71,
2018-09-01,FHV - High Volume,658952,,82782,80536,53842,20.1,6.4,19.8,6.3,20.0,,148283.0
2018-09-01,Green Taxi,22193,345939,3806,3503,2721,23.3,5.6,21.9,5.5,15.8,0.57,
2018-09-01,Yellow Taxi,267983,3995849,23055,12007,10741,26.8,11.7,20.6,7.9,15.0,0.7,
2018-08-01,FHV - High Volume,642341,,80363,78545,51804,20.4,6.4,20.3,6.3,20.0,,168299.0
2018-08-01,Green Taxi,21468,326276,3788,3507,2646,23.4,5.6,22.1,5.5,15.0,0.6,
2018-08-01,Yellow Taxi,253182,3742832,22319,11961,10655,27.6,11.3,21.4,7.8,14.1,0.7,
2018-07-01,FHV - High Volume,630977,,79945,78100,51565,20.5,6.3,20.3,6.2,20.0,,163171.0
2018-07-01,Green Taxi,22048,331003,3909,3588,2754,23.8,5.5,22.4,5.4,14.8,0.56,
2018-07-01,Yellow Taxi,253186,3735128,23142,12092,10788,27.7,11.3,21.3,7.7,14.1,0.68,
2018-06-01,FHV - High Volume,626423,,78862,77460,51728,20.0,6.3,19.9,6.2,20.0,,143298.0
2018-06-01,Green Taxi,24610,374454,3976,3653,2858,23.5,5.8,22.1,5.6,15.5,0.56,
2018-06-01,Yellow Taxi,290362,4283693,23737,12222,11223,27.5,11.9,21.4,7.9,14.7,0.7,
2018-05-01,FHV - High Volume,620950,,77775,76382,51355,20.8,6.3,20.7,6.2,20.0,,148036.0
2018-05-01,Green Taxi,25693,386965,4057,3707,2949,24.7,5.8,23.1,5.7,15.5,0.56,
2018-05-01,Yellow Taxi,297508,4431220,24330,12317,11396,28.7,12.1,22.3,7.9,14.9,0.69,
2018-04-01,FHV - High Volume,616450,,75879,74273,49959,20.2,6.3,20.0,6.2,20.0,,160806.0
2018-04-01,Green Taxi,26642,384918,4081,3746,2976,23.8,5.9,22.4,5.8,14.5,0.56,
2018-04-01,Yellow Taxi,310169,4486177,24807,12372,11534,28.0,12.4,21.5,8.1,14.2,0.7,
2018-03-01,FHV - High Volume,624601,,74288,72691,49102,20.9,6.4,20.7,6.3,19.0,,157162.0
2018-03-01,Green Taxi,26967,374253,4145,3773,2961,24.3,5.9,22.7,5.8,13.9,0.55,
2018-03-01,Yellow Taxi,304169,4293867,24991,12389,11480,28.7,12.2,21.9,7.9,13.7,0.7,
2018-02-01,FHV - High Volume,603801,,72893,71731,48772,19.0,6.3,18.9,6.3,19.0,,140622.0
2018-02-01,Green Taxi,27461,360001,4260,3920,3058,21.8,5.9,20.6,5.7,12.9,0.55,
2018-02-01,Yellow Taxi,303280,4138935,24641,12490,11535,25.9,12.1,19.9,8.0,13.1,0.71,
2018-01-01,FHV - High Volume,555031,,72719,71484,46403,20.1,6.2,19.9,6.1,18.0,,126738.0
2018-01-01,Green Taxi,25564,331105,4377,4021,2983,23.0,5.7,21.6,5.5,12.8,0.53,
2018-01-01,Yellow Taxi,282565,3863024,24923,12599,11304,27.8,11.6,21.1,7.7,13.1,0.7,
2017-12-01,FHV - High Volume,553632,,71671,70194,46799,20.7,6.3,20.5,6.2,20.0,,118649.0
2017-12-01,Green Taxi,29223,383355,4497,4117,3200,24.1,5.9,22.6,5.8,13.0,0.51,
2017-12-01,Yellow Taxi,306706,4407843,26038,12685,11743,28.7,12.2,21.8,7.8,14.5,0.66,
2017-11-01,FHV - High Volume,517191,,69948,68521,46232,20.2,6.2,20.0,6.1,20.0,,107750.0
2017-11-01,Green Taxi,29136,386722,4601,4199,3320,23.7,5.8,22.2,5.7,13.2,0.53,
2017-11-01,Yellow Taxi,309471,4517934,26347,12692,11921,28.2,12.4,21.5,7.8,14.8,0.68,
2017-10-01,FHV - High Volume,492028,,69303,67653,45234,20.7,6.1,20.4,6.1,20.0,,92641.0
2017-10-01,Green Taxi,29858,401160,4723,4287,3390,24.5,5.9,22.8,5.7,13.4,0.53,
2017-10-01,Yellow Taxi,315084,4681421,26536,12703,11931,29.1,12.5,22.1,7.9,14.8,0.68,
2017-09-01,FHV - High Volume,468318,,67408,65690,43120,19.7,6.2,19.4,6.1,20.0,,84200.0
2017-09-01,Green Taxi,29409,402289,4693,4320,3337,23.2,5.8,21.9,5.7,13.3,0.51,
2017-09-01,Yellow Taxi,298163,4422289,25604,12656,11499,27.3,12.1,20.6,7.9,14.8,0.67,
2017-08-01,FHV - High Volume,429691,,65522,64054,41372,20.0,6.0,19.8,6.0,20.0,,76026.0
2017-08-01,Green Taxi,27976,373385,4769,4384,3347,23.7,5.6,22.3,5.5,12.6,0.5,
2017-08-01,Yellow Taxi,271676,3985437,25164,12690,11550,28.2,11.7,21.6,7.7,14.0,0.66,
2017-07-01,FHV - High Volume,421285,,65178,63604,40679,19.8,6.0,19.6,5.9,20.0,,68756.0
2017-07-01,Green Taxi,29503,391767,4969,4579,3463,23.4,5.7,22.2,5.5,12.6,0.5,
2017-07-01,Yellow Taxi,277042,4037177,26108,12792,11583,28.1,11.8,21.1,7.7,14.1,0.66,
2017-06-01,FHV - High Volume,420017,,63721,62331,40408,19.5,5.9,19.2,5.8,21.0,,63620.0
2017-06-01,Green Taxi,32544,432850,5072,4686,3629,23.2,5.7,22.0,5.6,13.2,0.5,
2017-06-01,Yellow Taxi,321877,4751867,26664,12894,12038,28.0,12.4,21.5,7.8,14.8,0.67,
2017-05-01,FHV - High Volume,399546,,61532,59795,38015,19.7,5.9,19.4,5.9,0.0,,
2017-05-01,Green Taxi,34174,449352,5302,4823,3740,24.0,5.8,22.4,5.7,13.1,0.5,
2017-05-01,Yellow Taxi,325857,4848494,27655,12977,12159,29.0,12.6,21.9,7.8,15.0,0.67,
2017-04-01,FHV - High Volume,393918,,58963,57181,36750,19.3,6.0,18.9,6.0,0.0,,
2017-04-01,Green Taxi,36024,465532,5337,4844,3803,23.6,6.0,22.0,5.8,12.5,0.5,
2017-04-01,Yellow Taxi,334865,4865420,27802,12981,12229,28.3,12.8,21.4,7.9,14.3,0.67,
2017-03-01,FHV - High Volume,402938,,56768,54836,35619,20.1,6.2,19.7,6.1,0.0,,
2017-03-01,Green Taxi,37341,473888,5357,4923,3789,23.9,6.1,22.5,5.9,12.4,0.49,
2017-03-01,Yellow Taxi,332075,4770322,27900,12990,12146,29.0,12.8,21.8,7.9,14.0,0.68,
2017-02-01,FHV - High Volume,375693,,55552,53577,34850,18.2,6.1,17.8,6.0,0.0,,
2017-02-01,Green Taxi,36509,461734,5533,5089,3895,21.4,5.9,20.2,5.8,12.1,0.5,
2017-02-01,Yellow Taxi,327451,4531822,27523,12967,12112,26.2,12.6,19.6,7.9,13.3,0.68,
2017-01-01,FHV - High Volume,344972,,54665,52538,32782,19.3,6.0,18.9,5.9,0.0,,
2017-01-01,Green Taxi,34497,431323,5751,5277,3918,23.0,5.7,21.7,5.5,11.8,0.49,
2017-01-01,Yellow Taxi,313229,4314880,27782,13058,11990,28.5,12.2,21.0,7.8,13.0,0.67,
2016-12-01,FHV - High Volume,347858,,53130,50955,32336,19.7,6.1,19.1,6.0,0.0,,
2016-12-01,Green Taxi,39488,508205,5935,5399,4166,23.9,6.0,22.4,5.8,12.4,0.48,
2016-12-01,Yellow Taxi,337071,4869413,28743,13197,12329,29.0,12.8,21.7,7.8,14.6,0.64,
2016-11-01,FHV - High Volume,318664,,50932,49110,30921,18.9,5.9,18.4,5.8,0.0,,
2016-11-01,Green Taxi,38272,501128,6065,5513,4258,23.2,5.8,21.6,5.7,12.8,0.49,
2016-11-01,Yellow Taxi,336737,4980423,29080,13159,12437,28.4,12.9,21.3,7.8,15.9,0.66,
2016-10-01,FHV - High Volume,310749,,49545,47758,30097,19.5,6.0,19.0,5.9,0.0,,
2016-10-01,Green Taxi,40405,540913,6215,5604,4331,24.0,5.9,22.1,5.8,13.0,0.5,
2016-10-01,Yellow Taxi,350380,5196275,29383,13198,12433,29.2,13.1,21.8,7.9,16.0,0.66,
2016-09-01,FHV - High Volume,292548,,48448,46308,28684,18.6,6.0,18.0,5.8,0.0,,
2016-09-01,Green Taxi,38741,529544,6341,5690,4272,22.5,5.8,20.7,5.7,13.4,0.49,
2016-09-01,Yellow Taxi,337321,5167170,28526,13166,12137,27.7,12.8,20.6,7.9,16.0,0.66,
2016-08-01,FHV - High Volume,263457,,45496,43375,25589,18.3,5.9,17.7,5.8,0.0,,
2016-08-01,Green Taxi,40241,547786,6359,5774,4329,23.2,6.0,21.7,5.9,12.9,0.49,
2016-08-01,Yellow Taxi,320718,4722586,28340,13203,12266,28.8,12.5,21.7,7.8,15.5,0.64,
2016-07-01,FHV - High Volume,252701,,40398,38843,23844,19.0,6.0,18.5,5.9,0.0,,
2016-07-01,Green Taxi,42979,589602,6471,5868,4408,23.3,6.2,21.7,6.0,13.0,0.5,
2016-07-01,Yellow Taxi,332231,4924633,29062,13293,12266,28.6,12.6,21.3,7.8,15.7,0.64,
2016-06-01,FHV - High Volume,242233,,38771,37615,23824,19.0,6.0,18.7,5.9,0.0,,
2016-06-01,Green Taxi,46817,645016,6582,5959,4711,23.7,6.2,22.1,6.1,13.5,0.49,
2016-06-01,Yellow Taxi,371257,5564246,29899,13354,12781,28.7,13.3,21.8,7.8,16.7,0.66,
2016-05-01,FHV - High Volume,226667,,36443,35611,21717,19.0,6.1,18.7,6.0,0.0,,
2016-05-01,Green Taxi,49573,681032,6672,6008,4730,24.4,6.5,22.6,6.3,13.5,0.5,
2016-05-01,Yellow Taxi,381878,5654653,30509,13381,12777,29.6,13.5,22.1,8.0,15.8,0.66,
2016-04-01,FHV - High Volume,217147,,34250,33518,20967,18.9,6.1,18.5,6.0,0.0,,
2016-04-01,Green Taxi,51458,692778,6770,6021,4789,23.9,6.6,21.9,6.4,13.0,0.51,
2016-04-01,Yellow Taxi,397780,5721501,30488,13370,12875,28.9,13.8,21.7,8.1,17.4,0.67,
2016-03-01,FHV - High Volume,195837,,31716,32016,19685,19.2,5.8,19.0,5.7,0.0,,
2016-03-01,Green Taxi,50850,673269,6816,6043,4768,24.5,6.5,22.3,6.3,12.6,0.5,
2016-03-01,Yellow Taxi,393886,5614089,30327,13379,12828,29.7,13.6,22.2,8.0,15.0,0.67,
2016-02-01,FHV - High Volume,201940,,32348,31921,19596,17.9,5.9,17.7,5.9,0.0,,
2016-02-01,Green Taxi,52093,676135,6871,6165,4843,22.8,6.5,21.1,6.3,12.3,0.5,
2016-02-01,Yellow Taxi,392470,5427875,29564,13339,12718,27.7,13.4,20.8,8.0,14.6,0.67,
2016-01-01,FHV - High Volume,166805,,32497,32056,19007,18.5,5.5,18.2,5.5,0.0,,
2016-01-01,Green Taxi,46621,613966,6994,6253,4648,23.0,6.3,21.2,6.1,12.5,0.49,
2016-01-01,Yellow Taxi,351816,4886897,29276,13347,12244,28.4,12.7,21.0,7.9,15.4,0.66,
2015-12-01,FHV - High Volume,168786,,31249,30010,18733,19.4,5.6,19.0,5.6,0.0,,
2015-12-01,Green Taxi,51880,700319,7120,6342,5030,24.6,6.4,22.5,6.3,12.9,0.48,
2015-12-01,Yellow Taxi,369686,5425880,29917,13429,12641,29.2,13.2,22.0,7.9,18.4,0.63,
2015-11-01,FHV - High Volume,163178,,30119,28845,18141,18.9,5.7,18.4,5.6,0.0,,
2015-11-01,Green Taxi,50999,685908,7132,6342,5036,23.8,6.4,21.8,6.2,12.9,0.49,
2015-11-01,Yellow Taxi,377076,5502861,30270,13428,12732,28.4,13.3,21.3,7.9,20.4,0.64,
2015-10-01,FHV - High Volume,163168,,29151,28002,17701,19.6,5.8,19.1,5.7,0.0,,
2015-10-01,Green Taxi,52598,716779,7157,6396,5083,24.6,6.5,22.7,6.3,13.3,0.48,
2015-10-01,Yellow Taxi,397244,5856687,30104,13436,12787,29.5,13.7,22.4,8.1,17.3,0.64,
2015-09-01,FHV - High Volume,144300,,26914,26050,15814,18.2,5.8,17.8,5.7,0.0,,
2015-09-01,Green Taxi,49830,687469,7181,6403,4932,23.1,6.4,21.2,6.2,13.2,0.47,
2015-09-01,Yellow Taxi,374156,5520038,29912,13423,12523,28.0,13.2,20.8,8.0,16.5,0.62,
2015-08-01,FHV - High Volume,123807,,25085,24452,14485,18.4,5.6,18.0,5.5,0.0,,
2015-08-01,Green Taxi,49429,678711,7215,6404,4911,23.8,6.4,21.8,6.2,12.8,0.46,
2015-08-01,Yellow Taxi,359029,5200177,29688,13442,12579,29.0,13.1,21.7,7.9,16.1,0.61,
2015-07-01,FHV - High Volume,112207,,22070,22646,13358,18.3,5.5,17.5,5.4,0.0,,
2015-07-01,Green Taxi,49730,681299,7321,6473,4981,23.9,6.3,21.7,6.1,13.0,0.45,
2015-07-01,Yellow Taxi,372979,5392570,29999,13490,12599,29.0,13.1,21.8,7.9,15.7,0.62,
2015-06-01,FHV - High Volume,102793,,20452,19840,12089,18.3,5.6,17.9,5.5,0.0,,
2015-06-01,Green Taxi,54628,801215,7483,6539,5196,23.8,6.5,21.6,6.3,13.3,0.45,
2015-06-01,Yellow Taxi,410831,6014938,30829,13549,12990,28.8,13.8,21.9,8.0,16.9,0.63,
2015-05-01,FHV - High Volume,94103,,19076,14122,8120,17.8,5.4,18.0,5.6,0.0,,
2015-05-01,Green Taxi,57637,862099,7513,6508,5177,24.7,6.8,22.2,6.5,13.6,0.46,
2015-05-01,Yellow Taxi,424459,6239552,31442,13580,13006,29.7,14.1,22.4,8.1,16.4,0.62,
2015-04-01,FHV - High Volume,82498,,16473,16006,9711,18.2,5.6,17.8,5.5,0.0,,
2015-04-01,Green Taxi,55473,805698,7388,6378,5032,23.7,6.7,21.2,6.4,13.0,0.46,
2015-04-01,Yellow Taxi,435701,6226205,31574,13577,13098,28.9,14.2,21.9,8.1,16.9,0.63,
2015-03-01,FHV - High Volume,72889,,14995,14290,8579,18.6,5.5,18.2,5.5,0.0,,
2015-03-01,Green Taxi,55567,793672,7254,6221,4835,24.1,6.7,21.5,6.5,13.0,0.45,
2015-03-01,Yellow Taxi,430669,6076181,31610,13584,13030,29.7,14.0,22.3,8.0,16.8,0.63,
2015-02-01,FHV - High Volume,77796,,14180,13531,8402,17.4,5.8,17.1,5.8,0.0,,
2015-02-01,Green Taxi,56242,798649,6880,5984,4723,22.1,6.9,20.0,6.6,12.9,0.45,
2015-02-01,Yellow Taxi,444633,6097785,30969,13617,12979,26.7,14.1,20.3,8.1,15.8,0.64,
2015-01-01,FHV - High Volume,60357,,13153,12544,7265,18.0,5.4,17.6,5.3,0.0,,
2015-01-01,Green Taxi,48659,673523,6919,5897,4498,23.6,6.6,21.0,6.3,12.1,0.45,
2015-01-01,Yellow Taxi,411238,5442278,31236,13633,12721,28.9,13.4,21.5,7.9,15.0,0.62,
2014-12-01,Green Taxi,53078,701885,6933,5812,4651,24.8,6.8,21.7,6.5,12.9,0.44,
2014-12-01,Yellow Taxi,419776,5868025,32048,13642,13041,29.6,13.9,22.3,7.9,14.0,0.57,
2014-11-01,Green Taxi,51600,684927,6622,5558,4499,24.3,6.9,21.3,6.6,13.0,0.45,
2014-11-01,Yellow Taxi,440576,6113253,32260,13642,13095,28.8,14.3,21.8,8.0,13.8,0.59,
2014-10-01,Green Taxi,48100,649348,6488,5347,4280,24.8,6.8,21.3,6.5,13.1,0.45,
2014-10-01,Yellow Taxi,459087,6432093,32091,13665,13162,29.9,14.5,22.7,8.1,13.8,0.59,
2014-09-01,Green Taxi,45394,623638,6311,5202,4153,23.9,6.7,20.6,6.4,13.2,0.44,
2014-09-01,Yellow Taxi,445782,6284615,32191,13647,13087,28.8,14.3,21.7,8.1,13.9,0.59,
2014-08-01,Green Taxi,43381,595477,6249,5136,3989,24.1,6.7,20.7,6.4,12.8,0.42,
2014-08-01,Yellow Taxi,409305,5709153,31429,13622,12919,29.4,13.8,22.2,7.9,13.1,0.56,
2014-07-01,Green Taxi,41094,560319,6180,5130,3958,23.9,6.4,20.8,6.1,12.7,0.42,
2014-07-01,Yellow Taxi,422771,5832040,31515,13633,12943,29.4,13.8,22.5,7.8,13.0,0.56,
2014-06-01,Green Taxi,44590,616892,6158,5069,4040,23.9,6.7,20.7,6.4,13.2,0.41,
2014-06-01,Yellow Taxi,460393,6490355,32747,13651,13154,28.9,14.6,22.0,8.0,13.6,0.57,
2014-05-01,Green Taxi,45853,636698,6136,4957,3998,25.0,6.9,21.3,6.5,13.4,0.41,
2014-05-01,Yellow Taxi,476569,6718530,33060,13581,13098,29.9,14.9,22.7,8.1,13.6,0.56,
2014-04-01,Green Taxi,43625,580228,5894,4811,3799,23.7,6.8,20.4,6.4,12.5,0.39,
2014-04-01,Yellow Taxi,487275,6613192,33086,13524,13074,29.0,15.0,22.0,8.1,12.9,0.56,
2014-03-01,Green Taxi,41718,543542,5620,4566,3547,24.1,6.9,20.7,6.5,12.2,0.37,
2014-03-01,Yellow Taxi,497661,6612023,33229,13442,13020,30.0,15.1,22.6,8.1,12.4,0.57,
2014-02-01,Green Taxi,35895,465192,5085,4207,3065,20.4,6.8,17.8,6.5,12.6,0.35,
2014-02-01,Yellow Taxi,466522,6122310,32634,13376,12852,26.9,14.6,20.2,8.0,12.6,0.59,
2014-01-01,Green Taxi,25923,331334,4564,3818,2409,19.6,6.5,17.2,6.1,11.9,0.35,
2014-01-01,Yellow Taxi,444537,5790713,32775,13366,12778,29.6,14.1,21.9,7.8,12.2,0.56,
2013-12-01,Green Taxi,19435,257398,3317,2736,1707,19.3,6.8,16.9,6.4,12.3,0.32,
2013-12-01,Yellow Taxi,450634,6176199,33335,13356,12858,29.8,14.5,22.2,7.8,13.1,0.53,
2013-11-01,Green Taxi,12692,168976,2160,1754,1044,17.9,7.1,15.5,6.6,12.3,0.34,
2013-11-01,Yellow Taxi,479527,6470910,33191,13336,12926,29.1,15.0,21.9,8.0,12.9,0.55,
2013-10-01,Green Taxi,5477,74128,1261,1128,500,13.7,6.6,12.8,6.3,12.4,0.33,
2013-10-01,Yellow Taxi,483921,6648711,33417,13334,12962,30.1,15.0,22.5,8.1,13.1,0.56,
2013-09-01,Green Taxi,1632,23087,478,445,159,10.7,6.3,10.2,6.2,12.7,0.34,
2013-09-01,Yellow Taxi,470147,6493533,33292,13340,12881,29.0,14.9,21.5,8.0,13.1,0.55,
2013-08-01,Green Taxi,283,4028,129,114,33,7.3,5.4,6.8,5.1,11.4,0.3,
2013-08-01,Yellow Taxi,406246,5553989,32388,13318,11959,27.8,14.2,20.7,7.9,0.0,0.54,
2013-07-01,Yellow Taxi,445861,5983709,32748,13327,12830,29.8,14.3,22.2,7.8,12.5,0.53,
2013-06-01,Yellow Taxi,479148,6555608,33452,13341,12922,29.1,15.0,21.7,8.0,13.0,0.54,
2013-05-01,Yellow Taxi,492962,6744373,33267,13334,12929,30.1,15.1,22.5,8.1,13.0,0.53,
2013-04-01,Yellow Taxi,503249,6714891,33084,13343,12949,29.1,15.1,21.9,8.1,12.4,0.54,
2013-03-01,Yellow Taxi,507914,6646912,32965,13334,12927,30.1,15.0,22.5,8.1,12.0,0.53,
2013-02-01,Yellow Taxi,499556,6356651,32052,13338,12867,27.0,14.6,20.4,8.1,11.7,0.54,
2013-01-01,Yellow Taxi,476544,6045087,32213,13344,12863,29.9,14.4,22.3,8.0,11.4,0.52,
2012-12-01,Yellow Taxi,474005,6326604,32257,13346,12806,29.7,14.6,22.4,8.0,12.5,0.49,
2012-11-01,Yellow Taxi,459114,6094937,31701,13324,12551,28.3,14.2,21.3,7.9,12.5,0.5,
2012-10-01,Yellow Taxi,468377,6346508,32104,13328,12555,29.2,14.6,22.0,8.1,12.8,0.5,
2012-09-01,Yellow Taxi,484783,6512203,31698,13322,12826,28.9,14.9,22.0,8.2,12.8,0.5,
2012-08-01,Yellow Taxi,463841,5357572,30777,13318,12785,29.8,14.4,22.8,8.1,12.3,0.48,
2012-07-01,Yellow Taxi,463784,5292247,31174,13320,12773,29.7,14.4,22.7,8.1,12.2,0.48,
2012-06-01,Yellow Taxi,503139,5831841,31561,13332,12940,29.1,15.1,22.6,8.3,12.8,0.48,
2012-05-01,Yellow Taxi,502097,5838542,31723,13325,12887,30.0,15.1,23.0,8.3,12.9,0.47,
2012-04-01,Yellow Taxi,515848,5861876,31579,13319,12864,29.0,15.1,22.2,8.3,12.2,0.47,
2012-03-01,Yellow Taxi,520764,5860835,31401,13320,12927,30.1,15.1,23.2,8.3,12.0,0.48,
2012-02-01,Yellow Taxi,516585,5655691,30803,13317,12896,28.1,14.9,21.8,8.3,11.6,0.48,
2012-01-01,Yellow Taxi,482811,5220456,30944,13317,12588,29.3,14.5,22.3,8.2,11.3,0.47,
2011-12-01,Yellow Taxi,481410,5493999,31196,13323,12830,29.9,14.7,22.9,8.2,12.7,0.43,
2011-11-01,Yellow Taxi,484122,5572296,31022,13319,12858,29.0,14.7,22.3,8.2,12.9,0.44,
2011-10-01,Yellow Taxi,506532,5790312,31341,13322,12857,29.9,15.0,23.0,8.3,12.7,0.45,
2011-09-01,Yellow Taxi,487470,5687581,30917,13313,12797,28.8,14.9,22.2,8.3,13.1,0.44,
2011-08-01,Yellow Taxi,427740,4851734,30144,13295,12216,28.5,13.9,21.9,8.0,12.1,0.44,
2011-07-01,Yellow Taxi,475475,5350809,30683,13270,12612,29.5,14.6,22.6,8.3,12.1,0.43,
2011-06-01,Yellow Taxi,503152,5743238,31094,13285,12760,28.8,15.1,22.4,8.3,12.6,0.43,
2011-05-01,Yellow Taxi,501708,5730613,31259,13291,12745,29.7,14.9,22.8,8.3,12.5,0.42,
2011-04-01,Yellow Taxi,490577,5456034,31022,13302,12178,27.5,15.1,21.3,8.4,12.1,0.42,
2011-03-01,Yellow Taxi,518212,5717207,30960,13288,12852,30.0,15.0,23.1,8.4,11.9,0.43,
2011-02-01,Yellow Taxi,507167,5474959,30359,13253,12678,26.8,14.9,20.8,8.4,11.8,0.43,
2011-01-01,Yellow Taxi,434297,4661317,29682,12798,11624,28.2,14.4,21.4,8.2,11.7,0.41,
2010-12-01,Yellow Taxi,445727,4985892,29414,12491,11612,28.8,14.7,21.9,8.2,12.6,0.38,
2010-11-01,Yellow Taxi,463701,5165797,29348,12347,11876,28.9,14.8,21.9,8.2,12.2,0.39,
2010-10-01,Yellow Taxi,457996,5122617,29128,12268,11271,28.5,15.3,21.9,8.4,12.3,0.39,
2010-09-01,Yellow Taxi,517972,5827246,28989,12221,11765,28.9,14.7,21.7,8.3,12.3,0.38,
2010-08-01,Yellow Taxi,404115,4490108,28574,12206,11224,28.5,14.4,21.5,8.1,11.8,0.37,
2010-07-01,Yellow Taxi,472752,5216891,30562,13307,12457,29.0,14.5,22.3,8.2,0.0,0.37,
2010-06-01,Yellow Taxi,494137,5503949,30812,13305,12671,28.6,14.9,22.2,8.3,0.0,0.36,
2010-05-01,Yellow Taxi,499374,5561218,30950,13309,12729,29.6,14.8,22.7,8.3,0.0,0.35,
2010-04-01,Yellow Taxi,504798,5502545,30827,13326,12856,28.9,14.8,22.3,8.3,0.0,0.35,
2010-03-01,Yellow Taxi,415567,3011750,28709,12183,10382,26.4,15.1,20.4,8.3,11.5,0.35,
2010-02-01,Yellow Taxi,397969,3392416,28255,12171,10045,23.1,14.6,17.6,8.3,11.1,0.35,
2010-01-01,Yellow Taxi,479376,4968817,30659,13305,12727,29.7,14.3,22.5,8.2,0.0,0.32,
2015-01-01,FHV - Other,27409,0,8149,7762,4779,18.2,3.766666666666667,17.933333333333334,3.6666666666666665,0.0,,0.0
2015-02-01,FHV - Other,31245,0,7904,7625,5139,18.2,3.9,18.2,3.8000000000000003,0.0,,0.0
2015-03-01,FHV - Other,31802,0,8153,7959,4901,18.133333333333333,3.8333333333333335,18.433333333333334,3.733333333333333,0.0,,0.0
2015-04-01,FHV - Other,46652,0,14335,13631,8242,17.466666666666665,3.8000000000000003,17.099999999999998,3.6666666666666665,0.0,,0.0
2015-05-01,FHV - Other,42414,0,13810,13064,7279,16.766666666666666,3.766666666666667,16.333333333333332,3.6666666666666665,0.0,,0.0
2015-06-01,FHV - Other,38557,0,12270,11738,6919,17.633333333333333,3.8666666666666667,17.133333333333336,3.766666666666667,0.0,,0.0
2015-07-01,FHV - Other,29236,0,10983,10417,5628,16.599999999999998,3.733333333333333,16.266666666666666,3.6666666666666665,0.0,,0.0
2015-08-01,FHV - Other,45914,0,14684,13862,7951,17.033333333333335,3.7000000000000006,16.266666666666666,3.5333333333333337,0.0,,0.0
2015-09-01,FHV - Other,75126,0,20659,19736,12170,17.033333333333335,3.8000000000000003,16.566666666666666,3.7000000000000006,0.0,,0.0
2015-10-01,FHV - Other,113778,0,29432,28204,17816,18.099999999999998,3.8666666666666667,17.96666666666667,3.766666666666667,0.0,,0.0
2015-11-01,FHV - Other,114103,0,29613,28539,18126,17.400000000000002,3.733333333333333,17.066666666666666,3.6666666666666665,0.0,,0.0
2015-12-01,FHV - Other,117948,0,30033,29075,18089,17.366666666666667,3.8333333333333335,17.099999999999998,3.733333333333333,0.0,,0.0
2016-01-01,FHV - Other,107734,0,32498,30941,17562,16.03333333333333,3.5666666666666664,15.333333333333334,3.4333333333333336,0.0,,0.0
2016-02-01,FHV - Other,123156,0,29648,28547,18145,16.96666666666667,3.8666666666666667,16.866666666666667,3.766666666666667,0.0,,0.0
2016-03-01,FHV - Other,114270,0,27057,25831,17132,18.8,3.8000000000000003,18.466666666666665,3.6999999999999997,0.0,,0.0
2016-04-01,FHV - Other,120791,0,29235,27821,18316,18.033333333333335,3.8000000000000003,17.666666666666668,3.6999999999999997,0.0,,0.0
2016-05-01,FHV - Other,119767,0,32700,27656,18013,18.26666666666667,3.8666666666666667,16.866666666666667,3.733333333333333,0.0,,0.0
2016-06-01,FHV - Other,116719,0,27962,26934,17923,18.266666666666666,3.7999999999999994,18.099999999999998,3.733333333333333,0.0,,0.0
2016-07-01,FHV - Other,101406,0,25815,24688,15445,17.233333333333334,3.6999999999999997,17.033333333333335,3.6,0.0,,0.0
2016-08-01,FHV - Other,98635,0,25646,24788,15635,17.366666666666664,3.6,17.2,3.5,0.0,,0.0
2016-09-01,FHV - Other,99438,0,24618,23520,15425,17.7,3.8000000000000003,17.400000000000002,3.733333333333333,0.0,,0.0
2016-10-01,FHV - Other,97570,0,24778,23957,15411,17.966666666666665,3.733333333333333,17.766666666666666,3.6666666666666665,0.0,,0.0
2016-11-01,FHV - Other,95901,0,23705,22801,14933,17.4,3.733333333333333,17.2,3.6666666666666665,0.0,,0.0
2016-12-01,FHV - Other,99197,0,23838,23112,14721,17.2,3.766666666666666,17.133333333333333,3.6999999999999997,0.0,,0.0
2017-01-01,FHV - Other,95586,0,24919,24289,15036,17.133333333333333,3.733333333333333,17.033333333333335,3.6333333333333333,0.0,,0.0
2017-02-01,FHV - Other,98767,0,25577,24827,15812,16.099999999999998,3.6666666666666665,16.066666666666666,3.5666666666666664,0.0,,0.0
2017-03-01,FHV - Other,103612,0,25910,24622,15559,17.8,3.8000000000000003,17.433333333333334,3.6666666666666665,0.0,,0.0
2017-04-01,FHV - Other,98242,0,25654,24228,15275,16.933333333333334,3.733333333333333,16.400000000000002,3.6,0.0,,0.0
2017-05-01,FHV - Other,97143,0,25928,24811,15976,18.3,3.6666666666666665,17.933333333333334,3.6,0.0,,0.0
2017-06-01,FHV - Other,81990,0,25875,24869,14788,16.333333333333332,3.533333333333333,16.166666666666668,3.466666666666667,43.0,,12.0
2017-07-01,FHV - Other,75609,0,25501,24792,14068,15.766666666666666,3.4000000000000004,15.666666666666666,3.3333333333333335,41.0,,13.0
2017-08-01,FHV - Other,75901,0,25261,24591,14262,16.166666666666668,3.4000000000000004,16.066666666666666,3.3333333333333335,40.0,,6.0
2017-09-01,FHV - Other,78807,0,25566,24863,14684,16.099999999999998,3.5333333333333337,16.0,3.5,40.666666666666664,,12.0
2017-10-01,FHV - Other,78810,0,24894,24153,14793,17.433333333333334,3.533333333333333,17.3,3.5,41.333333333333336,,0.0
2017-11-01,FHV - Other,78218,0,23768,23116,14186,16.8,3.6333333333333333,16.7,3.5333333333333337,41.0,,16.0
2017-12-01,FHV - Other,83142,0,24860,24000,14057,16.333333333333332,3.6666666666666665,16.099999999999998,3.6,40.666666666666664,,12.0
2018-01-01,FHV - Other,80809,0,24810,23460,13545,16.400000000000002,3.6666666666666665,15.933333333333332,3.6333333333333333,38.333333333333336,,15.0
2018-02-01,FHV - Other,79200,0,23476,22773,13704,15.5,3.6999999999999997,15.366666666666667,3.6333333333333333,37.666666666666664,,19.0
2018-03-01,FHV - Other,78007,0,22396,21861,13129,17.166666666666668,3.7000000000000006,17.066666666666666,3.6333333333333333,39.333333333333336,,12.0
2018-04-01,FHV - Other,76951,0,21982,21496,13046,16.833333333333332,3.733333333333333,16.8,3.6333333333333333,38.666666666666664,,14.0
2018-05-01,FHV - Other,75440,0,21145,20733,12667,17.666666666666668,3.766666666666667,17.666666666666668,3.6999999999999997,42.0,,15.0
2018-06-01,FHV - Other,76093,0,20945,20513,12597,17.166666666666668,3.8000000000000003,17.099999999999998,3.6999999999999997,41.666666666666664,,18.0
2018-07-01,FHV - Other,60954,0,18554,18072,10536,16.633333333333333,3.6333333333333333,16.333333333333332,3.566666666666667,39.666666666666664,,31.0
2018-08-01,FHV - Other,63077,0,18753,18325,10893,16.933333333333334,3.6,16.733333333333334,3.566666666666667,39.333333333333336,,31.0
2018-09-01,FHV - Other,59773,0,17305,16825,10117,16.866666666666667,3.8000000000000003,16.566666666666666,3.733333333333333,39.666666666666664,,326.0
2018-10-01,FHV - Other,66821,0,19975,19354,11699,17.900000000000002,3.7999999999999994,17.7,3.733333333333333,41.333333333333336,,192.0
2018-11-01,FHV - Other,68618,0,19906,19367,11719,17.166666666666668,3.8333333333333335,16.933333333333334,3.733333333333333,39.666666666666664,,17770.0
2018-12-01,FHV - Other,68096,0,20086,19524,11183,16.5,3.8333333333333335,16.366666666666667,3.733333333333333,39.333333333333336,,163.0
2019-01-01,FHV - Other,59571,0,17503,16973,10127,17.2,3.733333333333333,16.96666666666667,3.7000000000000006,35.666666666666664,,134.0
2019-02-01,FHV - Other,60797,0,16052,15685,9837,16.266666666666666,3.8666666666666667,16.2,3.7999999999999994,36.666666666666664,,0.0
2019-03-01,FHV - Other,42390,0,14515,14215,7351,14.566666666666668,3.5,14.533333333333333,3.466666666666667,34.0,,0.0
2019-04-01,FHV - Other,63090,0,16667,16361,10088,17.2,3.9,17.133333333333333,3.8333333333333335,37.0,,0.0
2019-05-01,FHV - Other,63624,0,17037,16655,10205,17.833333333333332,3.9333333333333336,17.666666666666668,3.8333333333333335,38.0,,0.0
2019-06-01,FHV - Other,60447,0,16569,16222,9837,16.866666666666667,3.8000000000000003,16.833333333333332,3.766666666666667,39.333333333333336,,0.0
2019-07-01,FHV - Other,57498,0,16574,16131,9477,16.76666666666667,3.766666666666667,16.6,3.7000000000000006,40.0,,0.0
2019-08-01,FHV - Other,53701,0,16367,15980,9374,16.766666666666666,3.6,16.633333333333333,3.566666666666667,41.0,,0.0
2019-09-01,FHV - Other,34424,0,12204,11798,6577,16.466666666666665,3.766666666666667,16.099999999999998,3.6999999999999997,42.666666666666664,,0.0
2019-10-01,FHV - Other,58205,0,18019,17521,10516,17.8,3.733333333333333,17.566666666666666,3.6999999999999997,38.666666666666664,,0.0
2019-11-01,FHV - Other,54518,0,16614,16288,9566,16.73333333333333,3.766666666666667,16.633333333333333,3.6999999999999997,37.666666666666664,,0.0
2019-12-01,FHV - Other,64192,0,19399,19077,10754,16.53333333333333,3.8666666666666667,16.466666666666665,3.8000000000000003,39.0,,0.0
2020-01-01,FHV - Other,62762,0,19580,19318,10891,16.599999999999998,3.8000000000000003,16.633333333333333,3.766666666666667,34.333333333333336,,0.0
2020-02-01,FHV - Other,57706,0,18114,17715,10173,16.033333333333335,3.8333333333333335,15.899999999999999,3.766666666666667,35.666666666666664,,0.0
2020-03-01,FHV - Other,39921,0,18092,17720,7137,11.466666666666667,3.6,11.366666666666667,3.533333333333333,33.666666666666664,,0.0
2020-04-01,FHV - Other,15970,0,5548,5556,2504,11.466666666666667,3.6999999999999997,11.633333333333333,3.6666666666666665,26.666666666666668,,0.0
2020-05-01,FHV - Other,23413,0,7068,7043,3611,13.466666666666667,3.6666666666666665,13.5,3.6333333333333333,27.0,,0.0
2020-06-01,FHV - Other,32361,0,7854,7788,4444,14.733333333333334,4.033333333333333,14.700000000000001,4.0,29.666666666666668,,0.0
2020-07-01,FHV - Other,32238,0,8183,8013,4392,14.766666666666666,4.133333333333333,14.533333333333331,4.1000000000000005,31.333333333333332,,0.0
2020-08-01,FHV - Other,35679,0,9937,9838,5143,13.966666666666669,3.9000000000000004,13.966666666666667,3.8666666666666667,32.333333333333336,,0.0
2020-09-01,FHV - Other,39903,0,10933,10783,5906,14.5,3.9,14.4,3.8666666666666667,34.666666666666664,,0.0
2020-10-01,FHV - Other,40666,0,11400,11232,6105,14.833333333333334,3.8333333333333335,14.799999999999999,3.766666666666667,34.0,,0.0
2020-11-01,FHV - Other,38583,0,10931,10827,5845,14.299999999999999,3.8333333333333335,14.266666666666666,3.766666666666667,32.666666666666664,,0.0
2020-12-01,FHV - Other,36753,0,10667,10508,5552,14.5,3.8333333333333335,14.366666666666667,3.8000000000000003,30.666666666666668,,0.0
2021-01-01,FHV - Other,36850,0,10255,10128,5402,14.700000000000001,3.8333333333333335,14.633333333333333,3.8000000000000003,29.0,,0.0
2021-02-01,FHV - Other,37049,0,9628,9529,5144,13.533333333333333,4.0,13.533333333333333,3.9333333333333336,31.333333333333332,,0.0
2021-03-01,FHV - Other,43546,0,10493,10371,5937,15.966666666666667,4.0,16.0,3.9666666666666663,31.666666666666668,,0.0
2021-04-01,FHV - Other,43446,0,10946,10784,6037,15.233333333333334,3.9666666666666663,15.133333333333335,3.9333333333333336,34.0,,0.0
2021-05-01,FHV - Other,42059,0,10753,10592,5840,15.466666666666667,3.966666666666667,15.333333333333334,3.966666666666667,36.333333333333336,,0.0
2021-06-01,FHV - Other,44738,0,11924,11767,6475,15.033333333333333,3.8666666666666667,14.933333333333332,3.8666666666666667,38.333333333333336,,0.0
2021-07-01,FHV - Other,41898,0,11413,11271,5894,14.433333333333332,3.8333333333333335,14.366666666666667,3.8000000000000003,38.0,,0.0
2021-08-01,FHV - Other,40497,0,11143,10927,5713,14.600000000000001,3.8000000000000003,14.466666666666667,3.8000000000000003,39.0,,0.0
2021-09-01,FHV - Other,38402,0,11989,11661,5999,14.300000000000002,3.733333333333333,14.066666666666665,3.6666666666666665,40.333333333333336,,0.0
2021-10-01,FHV - Other,40038,0,12456,12070,6333,15.266666666666666,3.6999999999999997,15.0,3.6999999999999997,39.0,,0.0
2021-11-01,FHV - Other,40471,0,12247,11871,6431,15.233333333333334,3.766666666666667,15.066666666666668,3.7000000000000006,38.333333333333336,,0.0
2021-12-01,FHV - Other,43145,0,14730,14408,7066,14.533333333333333,3.733333333333333,14.366666666666665,3.733333333333333,37.333333333333336,,0.0
2022-01-01,FHV - Other,36836,0,13995,13812,6224,13.333333333333334,3.6,13.333333333333334,3.5333333333333337,33.666666666666664,,0.0
2022-02-01,FHV - Other,45025,0,14262,13980,7353,14.333333333333334,3.8000000000000003,14.200000000000001,3.766666666666666,36.0,,0.0
2022-03-01,FHV - Other,45127,0,13864,13540,7313,16.233333333333334,3.8666666666666667,16.133333333333333,3.8333333333333335,36.666666666666664,,0.0
2022-04-01,FHV - Other,44377,0,14607,13748,7259,15.4,3.9,15.133333333333333,3.766666666666667,37.666666666666664,,0.0
2022-05-01,FHV - Other,40423,0,13739,13355,6704,15.166666666666666,3.7999999999999994,15.033333333333331,3.733333333333333,39.0,,0.0
2022-06-01,FHV - Other,40148,0,13527,13087,6784,15.033333333333331,3.8000000000000003,14.866666666666667,3.6999999999999997,40.0,,0.0
2022-07-01,FHV - Other,37309,0,13802,13323,6370,14.333333333333334,3.733333333333333,14.133333333333333,3.6333333333333333,37.666666666666664,,0.0
2022-08-01,FHV - Other,37156,0,12933,12439,6289,15.1,3.733333333333333,14.9,3.6333333333333333,38.0,,0.0
2022-09-01,FHV - Other,40654,0,13743,13240,6767,14.933333333333332,3.8666666666666667,14.666666666666666,3.766666666666667,40.666666666666664,,0.0
2022-10-01,FHV - Other,38735,0,13757,13143,6722,15.566666666666668,3.8333333333333335,15.266666666666666,3.733333333333334,39.666666666666664,,0.0
2022-11-01,FHV - Other,37973,0,13598,13333,6718,14.833333333333334,3.766666666666667,14.666666666666666,3.733333333333334,40.0,,0.0
2022-12-01,FHV - Other,41369,0,14132,13603,6644,14.666666666666666,3.9,14.433333333333332,3.8333333333333335,38.666666666666664,,0.0
2023-01-01,FHV - Other,36999,0,13718,13132,6343,14.4,3.733333333333333,14.266666666666666,3.6333333333333333,35.333333333333336,,0.0
2023-02-01,FHV - Other,40561,0,13599,12940,6742,14.0,3.9333333333333336,13.833333333333334,3.8000000000000003,36.666666666666664,,0.0
2023-03-01,FHV - Other,43730,0,14163,13459,7111,15.766666666666666,4.0,15.666666666666666,3.8666666666666667,38.0,,0.0
2023-04-01,FHV - Other,42373,0,14431,13656,6927,14.433333333333332,3.9333333333333336,14.266666666666666,3.8333333333333335,38.666666666666664,,0.0
2023-05-01,FHV - Other,45720,0,14731,13827,7316,15.533333333333333,4.066666666666666,15.366666666666667,3.9,37.666666666666664,,0.0
2023-06-01,FHV - Other,41546,0,14328,13338,6864,14.666666666666666,3.9,14.433333333333332,3.733333333333333,38.666666666666664,,0.0
2023-07-01,FHV - Other,44167,0,15658,14675,7350,14.199999999999998,3.8000000000000003,14.066666666666668,3.6333333333333333,38.333333333333336,,0.0
2023-08-01,FHV - Other,46597,0,15663,14569,7555,15.1,3.966666666666667,14.799999999999999,3.8333333333333335,40.0,,0.0
2023-09-01,FHV - Other,43811,0,15753,14609,7387,14.433333333333332,3.9,14.166666666666666,3.766666666666667,38.0,,0.0
2023-10-01,FHV - Other,59978,0,20001,18766,9725,15.333333333333334,4.0,15.133333333333335,3.8333333333333335,36.333333333333336,,0.0
2023-11-01,FHV - Other,56386,0,19417,18221,9464,14.9,3.8666666666666667,14.699999999999998,3.733333333333333,36.0,,0.0
2023-12-01,FHV - Other,50829,0,18121,17354,8251,13.966666666666669,3.9000000000000004,13.766666666666667,3.7999999999999994,35.666666666666664,,0.0
2024-01-01,FHV - Other,50118,0,19268,18624,8651,13.666666666666666,3.6999999999999997,13.566666666666668,3.6666666666666665,34.0,,0.0
2024-02-01,FHV - Other,51251,0,18235,17578,8946,13.833333333333334,3.733333333333333,13.833333333333334,3.6,34.333333333333336,,0.0
2024-03-01,FHV - Other,53366,0,18464,17679,9110,14.9,3.8000000000000003,14.766666666666666,3.6666666666666665,35.0,,0.0
2024-04-01,FHV - Other,52127,0,17942,17208,8772,14.366666666666665,3.8333333333333335,14.366666666666667,3.6999999999999997,37.666666666666664,,0.0
2024-05-01,FHV - Other,50949,0,17866,17119,8554,14.533333333333333,3.8666666666666667,14.433333333333335,3.733333333333333,39.666666666666664,,0.0
2024-06-01,FHV - Other,48954,0,17500,16939,8156,13.5,3.866666666666667,13.5,3.6999999999999997,39.0,,0.0
2024-07-01,FHV - Other,46737,0,16062,15429,7385,13.733333333333334,3.966666666666667,13.700000000000001,3.8000000000000003,38.0,,0.0
2024-08-01,FHV - Other,47825,0,19842,19783,8831,12.966666666666667,3.533333333333333,13.0,3.466666666666667,38.666666666666664,,0.0
